id,problem_id,input,output
1,1,"[[2, 3], [4, 3], [1, 1], [2, 1]]","[2, 1, 1, 0]"
2,1,"[[4, 11], [1, 12], [8, 3], [12, 7], [4, 2], [7, 11], [4, 8], [9, 6], [10, 11], [6, 10], [3, 5], [11, 1], [5, 3], [11, 9], [3, 8]]","[4, 0, 1, 2]"
3,1,"[[4, 11], [1, 12], [8, 3], [12, 7], [4, 2], [7, 11], [4, 8], [9, 6], [10, 11], [6, 10], [3, 5], [11, 1], [5, 3], [11, 9], [3, 8]]","[4, 0, 1, 2]"
4,1,"[[4, 11], [1, 12], [8, 3], [12, 7], [4, 2], [7, 11], [4, 8], [9, 6], [10, 11], [6, 10], [3, 5], [11, 1], [5, 3], [11, 9], [3, 8]]","[4, 0, 1, 2]"
5,2,"[[1, 2, 3, 4, 5, 6], [3, 3, 3, 3, 4, 4], [1, 3, 3, 4, 4, 4], [1, 1, 4, 4, 5, 5]]","[1, 4]"
6,2,"[[1, 2, 3, 4, 5, 6], [2, 2, 4, 4, 6, 6]]",[2]
7,2,"[[40, 41, 42, 43, 44, 45], [43, 43, 42, 42, 41, 41], [1, 1, 80, 80, 80, 80], [70, 70, 1, 1, 70, 70]]","[1, 3]"
8,2,"[[40, 41, 42, 43, 44, 45], [43, 43, 42, 42, 41, 41], [1, 1, 80, 80, 80, 80], [70, 70, 1, 1, 70, 70]]","[1, 3]"
9,3,4,"[3, 6, 7, 2, 1, 10, 5, 9, 8, 12, 11, 4]"
10,3,3,"[1, 2, 3, 4, 5, 8, 6, 7, 9, 10, 11, 12]"
11,3,2,"[5, 8, 1, 2, 9, 4, 12, 11, 3, 10, 6, 7]"
12,3,10,"[1, 2, 3, 4, 5, 6, 7, 8, 9, 10, 11, 12, 13, 14, 15, 16, 17, 18]"
13,4,4,"[1, 1, 0, 1]"
14,4,2,"[0, 1]"
15,4,10,"[0, 0, 0, 0, 0, 0, 0, 0, 0, 0]"
16,4,10,"[0, 0, 0, 0, 0, 0, 0, 0, 0, 0]"
17,5,"[[0, 0, 0, 1, 1, 1, 0, 0], [0, 0, 0, 0, 1, 1, 0, 0], [1, 1, 0, 0, 0, 1, 1, 0], [1, 1, 1, 0, 0, 0, 0, 0], [1, 1, 1, 0, 0, 0, 1, 1]]",9
18,5,"[[1, 0, 1, 0, 1, 1], [1, 0, 1, 0, 0, 0], [1, 0, 1, 0, 0, 1], [1, 0, 0, 1, 0, 0], [1, 0, 0, 1, 0, 1], [1, 0, 0, 0, 0, 0], [1, 1, 1, 1, 1, 1]]",16
19,5,"[[1, 0, 1, 0, 1, 1], [1, 0, 1, 0, 0, 0], [1, 0, 1, 0, 0, 1], [1, 0, 0, 1, 0, 0], [1, 0, 0, 1, 0, 1], [1, 0, 0, 0, 0, 0], [1, 1, 1, 1, 1, 1]]",16
20,5,"[[1, 0, 1, 0, 1, 1], [1, 0, 1, 0, 0, 0], [1, 0, 1, 0, 0, 1], [1, 0, 0, 1, 0, 0], [1, 0, 0, 1, 0, 1], [1, 0, 0, 0, 0, 0], [1, 1, 1, 1, 1, 1]]",16
21,6,0,5
22,6,12,0
23,6,0,6
24,6,11,59
25,7,"[[1, 4], [0, 0], [2, 3]]",3
26,7,"[[1, 0, 2], [0, 0, 0], [5, 0 ,5], [4, 0, 3]]",7
27,7,"[[1, 5], [2, 5], [4, 5], [3, 5]]",0
28,7,"[[4, 1, 2, 3]]",0
29,8,3,5
30,8,99999,99999
31,8,300,100
32,8,300,100
33,9,6,"[[1, 2], [2, 6], [2, 4], [4, 3], [3, 2], [3, 5]]"
34,9,5,"[[1, 2], [2, 3], [3, 4], [4, 5]]"
35,9,8,"[[6, 4], [2, 3], [1, 6], [4, 5], [1, 2], [1, 8], [3, 7], [7, 2]]"
36,9,9,"[[1, 2], [1, 3], [1, 4], [2, 5], [4, 5], [5, 6], [5, 7], [6, 9], [7, 9], [5, 8]]"
37,10,5,"[[1, 2, 10, 0], [2, 4, 8, 0], [1, 3, 9, 0], [3, 4, 9, 0], [3, 5, 10, 6], [2, 5, 10, 2], [4, 5, 2, 0]]"
38,10,4,"[[1, 2, 10, 10], [2, 3, 10, 10], [3, 4, 10, 10]]"
39,10,4,"[[1, 2, 5, 0], [2, 4, 5, 0], [1, 3, 5, 0], [3, 4, 5, 0]]"
40,10,4,"[[1, 2, 5, 0], [2, 4, 5, 0], [1, 3, 5, 0], [3, 4, 5, 0], [1, 4, 5, 5]]"
41,11,"[1, 8, 5]",4
42,11,"[11, 6, 4, 11]",5
43,11,"[9, 9, 9, 9, 30]",0
44,11,"[9, 9, 9, 9, 30]",0
45,12,4,"[[3, 2, 3], [1, 3, 2], [3, 2, 3], [1, 2, 0], [3, 0, 1], [2, 2, 0], [3, 2, 3], [3, 0, 2]]"
46,12,7,"[[1, 0, 1], [1, 2, 3], [3, 1, 3], [1, 2, 0], [3, 1, 3], [1, 1, 5], [1, 5, 4], [3, 4, 5], [2, 2, 5], [3, 4, 5]]"
47,12,7,"[[1, 0, 1], [1, 2, 3], [3, 1, 3], [1, 2, 0], [3, 1, 3], [1, 1, 5], [1, 5, 4], [3, 4, 5], [2, 2, 5], [3, 4, 5]]"
48,12,7,"[[1, 0, 1], [1, 2, 3], [3, 1, 3], [1, 2, 0], [3, 1, 3], [1, 1, 5], [1, 5, 4], [3, 4, 5], [2, 2, 5], [3, 4, 5]]"
49,13,"[[3, 4, 6, 5, 3], [3, 5, 5, 3, 6], [5, 6, 4, 3, 6], [7, 4, 3, 5, 0]]","[1, -2, -1, 0, 2]"
50,13,"[[3, 6, 11, 12], [4, 8, 15, 10], [2, 7, 0, 16]]","[1, -2, 5]"
51,13,"[[0, 0, 0], [1, 0, 0], [0, 0, 0], [0, 0, 1], [1, 0, 0]]","[0, 0, 1, -1, 0, 0, 1, -1]"
52,13,"[[0, 0, 0], [1, 0, 0], [0, 0, 0], [0, 0, 1], [1, 0, 0]]","[0, 0, 1, -1, 0, 0, 1, -1]"
53,14,28,18
54,14,-10,-5
55,14,11,8
56,14,11,8
57,15,3,5
58,15,2,3
59,15,2,3
60,15,2,3
61,16,"[[4,5],[4,8],[10,14],[11,13],[5,12],[3,7],[1,4]]",3
62,16,"[[4,5],[4,8],[10,14],[11,13],[5,12],[3,7],[1,4]]",3
63,16,"[[4,5],[4,8],[10,14],[11,13],[5,12],[3,7],[1,4]]",3
64,16,"[[4,5],[4,8],[10,14],[11,13],[5,12],[3,7],[1,4]]",3
65,17,2,3
66,17,2,3
67,17,2,3
68,17,2,3
69,18,2,3
70,18,3,10
71,18,3,10
72,18,3,10
73,19,"[1, 2, 3, 4, 5]",7
74,19,"[1, 1, 1, 2, 3, 4, 5]",5
75,19,"[2, 2, 2, 2, 2]",6
76,19,"[2, 2, 2, 2, 2]",6
77,20,"[[""korean"", ""11:40"", ""30""], [""english"", ""12:10"", ""20""], [""math"", ""12:30"", ""40""]]","[""korean"", ""english"", ""math""]"
78,20,"[[""science"", ""12:40"", ""50""], [""music"", ""12:20"", ""40""], [""history"", ""14:00"", ""30""], [""computer"", ""12:30"", ""100""]]","[""science"", ""history"", ""computer"", ""music""]"
79,20,"[[""aaa"", ""12:00"", ""20""], [""bbb"", ""12:10"", ""30""], [""ccc"", ""12:40"", ""10""]]","[""bbb"", ""ccc"", ""aaa""]"
80,20,"[[""aaa"", ""12:00"", ""20""], [""bbb"", ""12:10"", ""30""], [""ccc"", ""12:40"", ""10""]]","[""bbb"", ""ccc"", ""aaa""]"
81,21,"[1, 3, 2]","[""diamond"", ""diamond"", ""diamond"", ""iron"", ""iron"", ""diamond"", ""iron"", ""stone""]"
82,21,"[0, 1, 1]","[""diamond"", ""diamond"", ""diamond"", ""diamond"", ""diamond"", ""iron"", ""iron"", ""iron"", ""iron"", ""iron"", ""diamond""]"
83,21,"[0, 1, 1]","[""diamond"", ""diamond"", ""diamond"", ""diamond"", ""diamond"", ""iron"", ""iron"", ""iron"", ""iron"", ""iron"", ""diamond""]"
84,21,"[0, 1, 1]","[""diamond"", ""diamond"", ""diamond"", ""diamond"", ""diamond"", ""iron"", ""iron"", ""iron"", ""iron"", ""iron"", ""diamond""]"
85,22,"[""...D..R"", "".D.G..."", ""....D.D"", ""D....D."", ""..D....""]",7
86,22,"["".D.R"", ""...."", "".G.."", ""...D""]",-1
87,22,"["".D.R"", ""...."", "".G.."", ""...D""]",-1
88,22,"["".D.R"", ""...."", "".G.."", ""...D""]",-1
89,23,10,10
90,23,10,10
91,23,10,10
92,23,10,10
93,24,B0007,s2s2123
94,24,B0008,hong02
95,24,B0009,yawoong67
96,24,B0010,keel1990
97,25,B0001,kwag98
98,25,B0002,lee871201
99,25,B0003,goung12
100,25,B0004,keel1990
101,26,B0001,dhfkzmf09
102,26,B0002,lee871201
103,26,B0003,dhfkzmf09
104,26,B0004,kwag98
105,27,B0001,zkzkdh1
106,27,B0002,miyeon89
107,27,B0003,dhfkzmf09
108,27,B0004,sangjune1
109,28,"[2, 3, -6, 1, 3, -1, 2, 4]",10
110,28,"[2, 3, -6, 1, 3, -1, 2, 4]",10
111,28,"[2, 3, -6, 1, 3, -1, 2, 4]",10
112,28,"[2, 3, -6, 1, 3, -1, 2, 4]",10
113,29,"[""O.X"", "".O."", ""..X""]",1
114,29,"[""OOO"", ""..."", ""XXX""]",0
115,29,"[""..."", "".X."", ""...""]",0
116,29,"[""..."", ""..."", ""...""]",1
117,30,"[""SOOOL"",""XXXXO"",""OOOOO"",""OXXXX"",""OOOOE""]",16
118,30,"[""LOOXS"",""OOOOX"",""OOOOO"",""OOOOO"",""EOOOO""]",-1
119,30,"[""LOOXS"",""OOOOX"",""OOOOO"",""OOOOO"",""EOOOO""]",-1
120,30,"[""LOOXS"",""OOOOX"",""OOOOO"",""OOOOO"",""EOOOO""]",-1
121,31,1,1
122,31,2,1
123,31,3,2
124,31,4,2
125,32,1,세단
126,32,2,SUV
127,32,3,세단
128,32,4,세단
129,33,1,4
130,33,2,3
131,33,3,2
132,33,4,1
133,34,1,SUV
134,34,2,세단
135,34,3,트럭
136,34,4,세단
137,35,"[[""15:00"", ""17:00""], [""16:40"", ""18:20""], [""14:20"", ""15:20""], [""14:10"", ""19:20""], [""18:20"", ""21:20""]]",3
138,35,"[[""09:10"", ""10:10""], [""10:20"", ""12:20""]]",1
139,35,"[[""10:20"", ""12:30""], [""10:20"", ""12:30""], [""10:20"", ""12:30""]]",3
140,35,"[[""10:20"", ""12:30""], [""10:20"", ""12:30""], [""10:20"", ""12:30""]]",3
141,36,"[""X591X"",""X1X5X"",""X231X"", ""1XXX1""]","[1, 1, 27]"
142,36,"[""XXX"",""XXX"",""XXX""]",[-1]
143,36,"[""XXX"",""XXX"",""XXX""]",[-1]
144,36,"[""XXX"",""XXX"",""XXX""]",[-1]
145,37,"[2, 3, 3, 5]","[3, 5, 5, -1]"
146,37,"[9, 1, 5, 3, 6, 2]","[-1, 5, 6, 6, -1, -1]"
147,37,"[9, 1, 5, 3, 6, 2]","[-1, 5, 6, 6, -1, -1]"
148,37,"[9, 1, 5, 3, 6, 2]","[-1, 5, 6, 6, -1, -1]"
149,38,10,40
150,38,2,5
151,38,2,5
152,38,2,5
153,39,"[100,180,360,100,270]",4
154,39,"[100,180,360,100,270]",4
155,39,"[100,180,360,100,270]",4
156,39,"[100,180,360,100,270]",4
157,40,"[[2,2],[1,4],[3,2],[3,2],[2,1]]",4
158,40,"[[2,2],[1,4],[3,2],[3,2],[2,1]]",4
159,40,"[[2,2],[1,4],[3,2],[3,2],[2,1]]",4
160,40,"[[2,2],[1,4],[3,2],[3,2],[2,1]]",4
161,41,1,트럭
162,41,2,SUV
163,41,3,트럭
164,41,3,트럭
165,42,1,1
166,42,2,1
167,42,3,2
168,42,4,2
169,43,1,세단
170,43,2,SUV
171,43,3,SUV
172,43,4,트럭
173,44,4,5
174,44,2,7
175,44,2,7
176,44,2,7
177,45,"[[40, 10000], [25, 10000]]","[7000, 9000]"
178,45,"[[40, 2900], [23, 10000], [11, 5200], [5, 5900], [40, 3100], [27, 9200], [32, 6900]]","[1300, 1500, 1600, 4900]"
179,45,"[[40, 2900], [23, 10000], [11, 5200], [5, 5900], [40, 3100], [27, 9200], [32, 6900]]","[1300, 1500, 1600, 4900]"
180,45,"[[40, 2900], [23, 10000], [11, 5200], [5, 5900], [40, 3100], [27, 9200], [32, 6900]]","[1300, 1500, 1600, 4900]"
181,46,"[7, 42, 5]","[1, 1, 0]"
182,46,"[63, 111, 95]","[1, 1, 0]"
183,46,"[63, 111, 95]","[1, 1, 0]"
184,46,"[63, 111, 95]","[1, 1, 0]"
185,47,"[""UPDATE 1 1 menu"", ""UPDATE 1 2 category"", ""UPDATE 2 1 bibimbap"", ""UPDATE 2 2 korean"", ""UPDATE 2 3 rice"", ""UPDATE 3 1 ramyeon"", ""UPDATE 3 2 korean"", ""UPDATE 3 3 noodle"", ""UPDATE 3 4 instant"", ""UPDATE 4 1 pasta"", ""UPDATE 4 2 italian"", ""UPDATE 4 3 noodle"", ""MERGE 1 2 1 3"", ""MERGE 1 3 1 4"", ""UPDATE korean hansik"", ""UPDATE 1 3 group"", ""UNMERGE 1 4"", ""PRINT 1 3"", ""PRINT 1 4""]","[""EMPTY"", ""group""]"
186,47,"[""UPDATE 1 1 a"", ""UPDATE 1 2 b"", ""UPDATE 2 1 c"", ""UPDATE 2 2 d"", ""MERGE 1 1 1 2"", ""MERGE 2 2 2 1"", ""MERGE 2 1 1 1"", ""PRINT 1 1"", ""UNMERGE 2 2"", ""PRINT 1 1""]","[""d"", ""EMPTY""]"
187,47,"[""UPDATE 1 1 a"", ""UPDATE 1 2 b"", ""UPDATE 2 1 c"", ""UPDATE 2 2 d"", ""MERGE 1 1 1 2"", ""MERGE 2 2 2 1"", ""MERGE 2 1 1 1"", ""PRINT 1 1"", ""UNMERGE 2 2"", ""PRINT 1 1""]","[""d"", ""EMPTY""]"
188,47,"[""UPDATE 1 1 a"", ""UPDATE 1 2 b"", ""UPDATE 2 1 c"", ""UPDATE 2 2 d"", ""MERGE 1 1 1 2"", ""MERGE 2 2 2 1"", ""MERGE 2 1 1 1"", ""PRINT 1 1"", ""UNMERGE 2 2"", ""PRINT 1 1""]","[""d"", ""EMPTY""]"
189,48,3,4
190,48,2,2
191,48,3,3
192,48,3,3
193,49,"[[2, 4], [1, 2], [6, 8], [1, 3], [5, 7], [2, 5], [3, 6], [6, 10], [6, 9]]","[0, 0, 0, 3, 0, 0, 5, 1, 2, 3]"
194,49,"[[1, 2], [1, 3]]","[0, 7, 3]"
195,49,"[[1, 3], [1, 2]]","[0, 7, 1]"
196,49,"[[1, 3], [1, 2]]","[0, 7, 1]"
197,50,16,6
198,50,2554,16
199,50,2554,16
200,50,2554,16
201,51,2,4
202,51,2,4
203,51,2,4
204,51,2,4
205,52,"[[2,2,6],[1,5,10],[4,2,9],[3,8,3]]",2
206,52,"[[2,2,6],[1,5,10],[4,2,9],[3,8,3]]",2
207,52,"[[2,2,6],[1,5,10],[4,2,9],[3,8,3]]",2
208,52,"[[2,2,6],[1,5,10],[4,2,9],[3,8,3]]",2
209,53,1,인문
210,53,2,경제
211,53,3,경제
212,53,3,경제
213,54,1,인문
214,54,2,경제
215,54,3,경제
216,54,3,경제
217,55,1,인문
218,55,2,경제
219,55,3,경제
220,55,3,경제
221,56,7,3
222,56,2,4
223,56,2,4
224,56,2,4
225,57,2,4
226,57,1,5
227,57,1,5
228,57,1,5
229,58,3,1
230,58,3,2
231,58,3,3
232,58,3,3
233,59,6,"[1, 3, 2, 5, 4, 5, 2, 3]"
234,59,4,"[1, 3, 2, 5, 4, 5, 2, 3]"
235,59,2,"[1, 1, 1, 1, 2, 2, 2, 3]"
236,59,2,"[1, 1, 1, 1, 2, 2, 2, 3]"
237,60,8,"[1,3,7]"
238,60,8,"[1,3,7]"
239,60,8,"[1,3,7]"
240,60,8,"[1,3,7]"
241,61,"""1756""",10
242,61,"""5123""",8
243,61,"""5123""",8
244,61,"""5123""",8
245,62,"[10, 17]","[5, 20]"
246,62,"[10, 20]","[5, 17]"
247,62,"[14, 35, 119]","[18, 30, 102]"
248,62,"[14, 35, 119]","[18, 30, 102]"
249,63,5,"[[0,0],[0,-1],[2,-3],[3,-3]]"
250,63,3,"[[0,0], [1,-2], [3,-3]]"
251,63,3,"[[0,0], [1,-2], [3,-3]]"
252,63,3,"[[0,0], [1,-2], [3,-3]]"
253,64,8,"[[1, 2], [1, 3], [1, 4], [1, 5], [5, 6], [5, 7], [5, 8]]"
254,64,10,"[[4, 1], [5, 1], [5, 6], [7, 6], [1, 2], [1, 3], [6, 8], [2, 9], [9, 10]]"
255,64,10,"[[4, 1], [5, 1], [5, 6], [7, 6], [1, 2], [1, 3], [6, 8], [2, 9], [9, 10]]"
256,64,10,"[[4, 1], [5, 1], [5, 6], [7, 6], [1, 2], [1, 3], [6, 8], [2, 9], [9, 10]]"
257,65,101,chocolate
258,65,102,vanilla
259,65,103,mint_chocolate
260,65,104,caramel
261,66,101,chocolate
262,66,102,vanilla
263,66,103,mint_chocolate
264,66,104,caramel
265,67,3,"[[1, 2], [2, 3]]"
266,67,5,"[[1, 2], [1, 4], [2, 4], [2, 5], [4, 5]]"
267,67,5,"[[1, 2], [1, 4], [2, 4], [2, 5], [4, 5]]"
268,67,5,"[[1, 2], [1, 4], [2, 4], [2, 5], [4, 5]]"
269,68,"[1, 2, 1, 3, 1, 4, 1, 2]",2
270,68,"[1, 2, 3, 1, 4]",0
271,68,"[1, 2, 3, 1, 4]",0
272,68,"[1, 2, 3, 1, 4]",0
273,69,PT22000019,바라
274,69,PT22000043,오스왈드
275,69,PT22000052,제니
276,69,PT22000071,몬몬
277,70,2022-04-14 09:30:00.000000,47
278,70,2022-04-15 10:30:00.000000,48
279,70,2022-05-15 17:30:00.000000,49
280,70,2022-05-18 10:30:00.000000,52
281,71,"[4, 3, 1, 2, 5]",2
282,71,"[5, 4, 3, 2, 1]",5
283,71,"[5, 4, 3, 2, 1]",5
284,71,"[5, 4, 3, 2, 1]",5
285,72,"[[0, 1, 0, 0, 0], [1, 0, 1, 0, 1], [0, 1, 1, 1, 0], [1, 0, 1, 1, 0], [0, 1, 0, 1, 0]]","[[0, 0, 0, 1, 1], [0, 0, 0, 0, 1], [0, 0, 1, 0, 1], [0, 0, 0, 1, 0], [0, 0, 0, 0, 1]]"
286,72,"[[0, 0, 0], [0, 0, 0], [0, 0, 0]]","[[1, 0, 1], [0, 0, 0], [0, 0, 0]]"
287,72,"[[0, 0, 0], [0, 0, 0], [0, 0, 0]]","[[1, 0, 1], [0, 0, 0], [0, 0, 0]]"
288,72,"[[0, 0, 0], [0, 0, 0], [0, 0, 0]]","[[1, 0, 1], [0, 0, 0], [0, 0, 0]]"
289,73,"[[0,3,3,0],[3,2,2,3],[0,3,2,0],[0,3,3,3]]",3
290,73,"[[0,3,3,0],[3,2,2,3],[0,3,2,0],[0,3,3,3]]",3
291,73,"[[0,3,3,0],[3,2,2,3],[0,3,2,0],[0,3,3,3]]",3
292,73,"[[0,3,3,0],[3,2,2,3],[0,3,2,0],[0,3,3,3]]",3
293,74,"[7,9,1,1,4]",18
294,74,"[7,9,1,1,4]",18
295,74,"[7,9,1,1,4]",18
296,74,"[7,9,1,1,4]",18
297,75,1,1
298,75,2,4
299,75,4,2
300,75,3,6
301,76,1,1
302,76,2,1
303,76,4,2
304,76,3,1
305,77,1,1
306,77,2,NULL
307,77,3,0
308,77,4,0
309,78,1,A1000011
310,78,2,A1000045
311,78,3,C3000002
312,78,3,C3000002
313,79,1,1
314,79,2,NULL
315,79,3,0
316,79,4,0
317,80,1,A1000011
318,80,2,A1000045
319,80,3,C3000002
320,80,4,C3000006
321,81,1,A1000011
322,81,2,A1000045
323,81,3,C3000002
324,81,4,C3000006
325,82,"[8,6,3,7,2,5,1,4]",12
326,82,"[8,6,3,7,2,5,1,4]",12
327,82,"[8,6,3,7,2,5,1,4]",12
328,82,"[8,6,3,7,2,5,1,4]",12
329,83,21,"[1,0]"
330,83,58,"[2,2]"
331,83,58,"[2,2]"
332,83,58,"[2,2]"
333,84,"[""banana"", ""apple"", ""rice"", ""pork"", ""pot""]","[3, 2, 2, 2, 1]"
334,84,"[""apple""]",[10]
335,84,"[""apple""]",[10]
336,84,"[""apple""]",[10]
337,85,jiho92@naver.com,이지호
338,85,jiyoon22@hotmail.com,김지윤
339,85,jihoon93@hanmail.net,김지훈
340,85,seoyeons@naver.com,박서연
341,86,00001,은돼지식당
342,86,00002,하이가쯔네
343,86,00003,따띠따띠뜨
344,86,00004,스시사카우스
345,87,jiho92@naver.com,이지호
346,87,jiyoon22@hotmail.com,김지윤
347,87,jihoon93@hanmail.net,김지훈
348,87,seoyeons@naver.com,박서연
349,88,00028,대우부대찌개
350,88,00039,광주식당
351,88,00035,삼촌식당
352,88,00035,삼촌식당
353,89,P0011,맛있는콩기름
354,89,P0012,맛있는올리브유
355,89,P0013,맛있는포도씨유
356,89,P0014,맛있는마조유
357,90,P0018,맛있는고추기름
358,90,P0019,맛있는카놀라유
359,90,P0020,맛있는산초유
360,90,P0021,맛있는케첩
361,91,P0018,맛있는고추기름
362,91,P0019,맛있는카놀라유
363,91,P0020,맛있는산초유
364,91,P0021,맛있는케첩
365,92,OD00000051,P0002
366,92,OD00000052,P0003
367,92,OD00000053,P0005
368,92,OD00000054,P0006
369,93,"[[1, 2, 3], [4, 5, 6], [7, 8, 9]]","[""Rotate"", ""ShiftRow""]"
370,93,"[[8, 6, 3], [3, 3, 7], [8, 4, 9]]","[""Rotate"", ""ShiftRow"", ""ShiftRow""]"
371,93,"[[1, 2, 3, 4], [5, 6, 7, 8], [9, 10, 11, 12]]","[""ShiftRow"", ""Rotate"", ""ShiftRow"", ""Rotate""]"
372,93,"[[1, 2, 3, 4], [5, 6, 7, 8], [9, 10, 11, 12]]","[""ShiftRow"", ""Rotate"", ""ShiftRow"", ""Rotate""]"
373,94,6,"[[1, 2, 3], [2, 3, 5], [2, 4, 2], [2, 5, 4], [3, 4, 4], [4, 5, 3], [4, 6, 1], [5, 6, 1]]"
374,94,7,"[[1, 4, 4], [1, 6, 1], [1, 7, 3], [2, 5, 2], [3, 7, 4], [5, 6, 6]]"
375,94,7,"[[1, 2, 5], [1, 4, 1], [2, 3, 1], [2, 6, 7], [4, 5, 1], [5, 6, 1], [6, 7, 1]]"
376,94,5,"[[1, 3, 10], [1, 4, 20], [2, 3, 4], [2, 4, 6], [3, 5, 20], [4, 5, 6]]"
377,95,0,0
378,95,0,0
379,95,0,0
380,95,0,0
381,96,"[3, 2, 7, 2]","[4, 6, 5, 1]"
382,96,"[1, 2, 1, 2]","[1, 10, 1, 2]"
383,96,"[1, 1]","[1, 5]"
384,96,"[1, 1]","[1, 5]"
385,97,"[[1, 1, 1], [1, 1, 1], [1, 1, 1]]","[1, 0]"
386,97,"[[1, 1, 1], [1, 0, 1], [1, 1, 1]]","[1, 0]"
387,97,"[[1, 1, 1, 1, 1]]","[0, 0]"
388,97,[[1]],"[0, 0]"
389,98,"[[5,5,5,5,5],[5,5,5,5,5],[5,5,5,5,5],[5,5,5,5,5]]","[[1,0,0,3,4,4],[1,2,0,2,3,2],[2,1,0,3,1,2],[1,0,1,3,3,1]]"
390,98,"[[1,2,3],[4,5,6],[7,8,9]]","[[1,1,1,2,2,4],[1,0,0,1,1,2],[2,2,0,2,0,100]]"
391,98,"[[1,2,3],[4,5,6],[7,8,9]]","[[1,1,1,2,2,4],[1,0,0,1,1,2],[2,2,0,2,0,100]]"
392,98,"[[1,2,3],[4,5,6],[7,8,9]]","[[1,1,1,2,2,4],[1,0,0,1,1,2],[2,2,0,2,0,100]]"
393,99,"[0,0,1,1,1,0,1,0,1,0,1,1]","[[0,1],[1,2],[1,4],[0,8],[8,7],[9,10],[9,11],[4,3],[6,5],[4,6],[8,9]]"
394,99,"[0,1,0,1,1,0,1,0,0,1,0]","[[0,1],[0,2],[1,3],[1,4],[2,5],[2,6],[3,7],[4,8],[6,9],[9,10]]"
395,99,"[0,1,0,1,1,0,1,0,0,1,0]","[[0,1],[0,2],[1,3],[1,4],[2,5],[2,6],[3,7],[4,8],[6,9],[9,10]]"
396,99,"[0,1,0,1,1,0,1,0,0,1,0]","[[0,1],[0,2],[1,3],[1,4],[2,5],[2,6],[3,7],[4,8],[6,9],[9,10]]"
397,100,5,"[2,1,1,1,0,0,0,0,0,0,0]"
398,100,1,"[1,0,0,0,0,0,0,0,0,0,0]"
399,100,9,"[0,0,1,2,0,1,1,1,1,1,1]"
400,100,10,"[0,0,0,0,0,0,0,0,3,4,3]"
401,101,"[180, 5000, 10, 600]","[""05:34 5961 IN"", ""06:00 0000 IN"", ""06:34 0000 OUT"", ""07:59 5961 OUT"", ""07:59 0148 IN"", ""18:59 0000 IN"", ""19:09 0148 OUT"", ""22:59 5961 IN"", ""23:00 5961 OUT""]"
402,101,"[120, 0, 60, 591]","[""16:00 3961 IN"",""16:00 0202 IN"",""18:00 3961 OUT"",""18:00 0202 OUT"",""23:58 3961 IN""]"
403,101,"[1, 461, 1, 10]","[""00:00 1234 IN""]"
404,101,"[1, 461, 1, 10]","[""00:00 1234 IN""]"
405,102,437674,3
406,102,110011,10
407,102,110011,10
408,102,110011,10
409,103,80,"[[80,20],[50,40],[30,10]]"
410,103,80,"[[80,20],[50,40],[30,10]]"
411,103,80,"[[80,20],[50,40],[30,10]]"
412,103,80,"[[80,20],[50,40],[30,10]]"
413,104,"[[1,1,7,4],[3,2,5,5],[4,3,6,9],[2,6,8,8]]",1
414,104,"[[1,1,8,4],[2,2,4,9],[3,6,9,8],[6,3,7,7]]",9
415,104,"[[1,1,5,7]]",1
416,104,"[[2,1,7,5],[6,4,10,10]]",3
417,105,2,"[1,2]"
418,105,3,[3]
419,105,5,"[1,4,4]"
420,105,50,"[1,6,5,2,4]"
421,106,2,2
422,106,2,5
423,106,2,5
424,106,2,5
425,107,3,2
426,107,4,7
427,107,4,7
428,107,4,7
429,108,"[[2, -1, 4], [-2, -1, 4], [0, -1, 1], [5, -8, -12], [5, 8, 12]]","[""....*...."", ""........."", ""........."", ""*.......*"", ""........."", ""........."", ""........."", ""........."", ""*.......*""]"
430,108,"[[0, 1, -1], [1, 0, -1], [1, 0, 1]]","[""*.*""]"
431,108,"[[1, -1, 0], [2, -1, 0]]","[""*""]"
432,108,"[[1, -1, 0], [2, -1, 0], [4, -1, 0]]","[""*""]"
433,109,9,"[[1,3],[2,3],[3,4],[4,5],[4,6],[4,7],[7,8],[7,9]]"
434,109,4,"[[1,2],[2,3],[3,4]]"
435,109,7,"[[1,2],[2,7],[3,7],[3,4],[4,5],[6,7]]"
436,109,7,"[[1,2],[2,7],[3,7],[3,4],[4,5],[6,7]]"
437,110,"[1,1,1,1,1,1,2,5,8,2,1,1,4,8,8,8,12,6,6]","[4,3,1,5,6]"
438,110,"[1,1,1,1,1,1,2,5,8,2,1,1,4,8,8,8,12,6,6]","[4,3,1,5,6]"
439,110,"[1,1,1,1,1,1,2,5,8,2,1,1,4,8,8,8,12,6,6]","[4,3,1,5,6]"
440,110,"[1,1,1,1,1,1,2,5,8,2,1,1,4,8,8,8,12,6,6]","[4,3,1,5,6]"
441,111,10,10
442,111,90,500
443,111,90,500
444,111,90,500
445,112,"[""SL"",""LR""]",[16]
446,112,"[""S""]","[1,1,1,1]"
447,112,"[""R"",""R""]","[4,4]"
448,112,"[""R"",""R""]","[4,4]"
449,113,"""AAAAE""",6
450,113,"""AAAE""",10
451,113,"""I""",1563
452,113,"""EIO""",1189
453,114,"[[1,1,0,0,1,0],[0,0,1,0,1,0],[0,1,1,0,0,1],[1,1,0,1,1,1],[1,0,0,0,1,0],[0,1,1,1,0,0]]","[[1,0,0,1,1,0],[1,0,1,0,1,0],[0,1,1,0,1,1],[0,0,1,0,0,0],[1,1,0,1,1,0],[0,1,0,0,0,0]]"
454,114,"[[0,0,0],[1,1,0],[1,1,1]]","[[1,1,1],[1,0,0],[0,0,0]]"
455,114,"[[0,0,0],[1,1,0],[1,1,1]]","[[1,1,1],[1,0,0],[0,0,0]]"
456,114,"[[0,0,0],[1,1,0],[1,1,1]]","[[1,1,1],[1,0,0],[0,0,0]]"
457,115,3,"[12, 30, 1, 8, 8, 6, 20, 7, 5, 10, 4, 1]"
458,115,1,"[6, 9, 7, 5]"
459,115,2,"[6, 9, 7, 5]"
460,115,4,"[6, 9, 7, 5]"
461,116,3,1
462,116,4,1
463,116,4,1
464,116,4,1
465,117,8,2
466,117,8,2
467,117,8,2
468,117,8,2
469,118,"[[""POOOP"", ""OXXOX"", ""OPXPX"", ""OOXOX"", ""POXXP""], [""POOPX"", ""OXPXP"", ""PXXXO"", ""OXXXO"", ""OOOPP""], [""PXOPX"", ""OXOXP"", ""OXPOX"", ""OXXOP"", ""PXPOX""], [""OOOXX"", ""XOOOX"", ""OOOXX"", ""OXOOX"", ""OOOOO""], [""PXPXP"", ""XPXPX"", ""PXPXP"", ""XPXPX"", ""PXPXP""]]","[1, 0, 1, 1, 1]"
470,118,"[[""POOOP"", ""OXXOX"", ""OPXPX"", ""OOXOX"", ""POXXP""], [""POOPX"", ""OXPXP"", ""PXXXO"", ""OXXXO"", ""OOOPP""], [""PXOPX"", ""OXOXP"", ""OXPOX"", ""OXXOP"", ""PXPOX""], [""OOOXX"", ""XOOOX"", ""OOOXX"", ""OXOOX"", ""OOOOO""], [""PXPXP"", ""XPXPX"", ""PXPXP"", ""XPXPX"", ""PXPXP""]]","[1, 0, 1, 1, 1]"
471,118,"[[""POOOP"", ""OXXOX"", ""OPXPX"", ""OOXOX"", ""POXXP""], [""POOPX"", ""OXPXP"", ""PXXXO"", ""OXXXO"", ""OOOPP""], [""PXOPX"", ""OXOXP"", ""OXPOX"", ""OXXOP"", ""PXPOX""], [""OOOXX"", ""XOOOX"", ""OOOXX"", ""OXOOX"", ""OOOOO""], [""PXPXP"", ""XPXPX"", ""PXPXP"", ""XPXPX"", ""PXPXP""]]","[1, 0, 1, 1, 1]"
472,118,"[[""POOOP"", ""OXXOX"", ""OPXPX"", ""OOXOX"", ""POXXP""], [""POOPX"", ""OXPXP"", ""PXXXO"", ""OXXXO"", ""OOOPP""], [""PXOPX"", ""OXOXP"", ""OXPOX"", ""OXXOP"", ""PXPOX""], [""OOOXX"", ""XOOOX"", ""OOOXX"", ""OXOOX"", ""OOOOO""], [""PXPXP"", ""XPXPX"", ""PXPXP"", ""XPXPX"", ""PXPXP""]]","[1, 0, 1, 1, 1]"
473,119,"[1,10,100,1000,10000]","[[1,2],[1,3],[2,4],[2,5]]"
474,119,"[1,10,100,1000,10000]","[[1,2],[1,3],[2,4],[2,5]]"
475,119,"[1,10,100,1000,10000]","[[1,2],[1,3],[2,4],[2,5]]"
476,119,"[1,10,100,1000,10000]","[[1,2],[1,3],[2,4],[2,5]]"
477,120,"[""1110"",""100111100"",""0111111010""]","[""1101"",""100110110"",""0110110111""]"
478,120,"[""1110"",""100111100"",""0111111010""]","[""1101"",""100110110"",""0110110111""]"
479,120,"[""1110"",""100111100"",""0111111010""]","[""1101"",""100110110"",""0110110111""]"
480,120,"[""1110"",""100111100"",""0111111010""]","[""1101"",""100110110"",""0110110111""]"
481,121,"[2,7]","[3,11]"
482,121,"[2,7]","[3,11]"
483,121,"[2,7]","[3,11]"
484,121,"[2,7]","[3,11]"
485,122,4431977,"BOUTIQUE STAYS - Somerset Terrace, Pet Friendly"
486,122,5194998,"BOUTIQUE STAYS - Elwood Beaches 3, Pet Friendly"
487,122,16045624,Urban Jungle in the Heart of Melbourne
488,122,17810814,Stylish Bayside Retreat with a Luscious Garden
489,123,"[""john"", ""mary"", ""edward"", ""sam"", ""emily"", ""jaimie"", ""tod"", ""young""]","[""-"", ""-"", ""mary"", ""edward"", ""mary"", ""mary"", ""jaimie"", ""edward""]"
490,123,"[""john"", ""mary"", ""edward"", ""sam"", ""emily"", ""jaimie"", ""tod"", ""young""]","[""-"", ""-"", ""mary"", ""edward"", ""mary"", ""mary"", ""jaimie"", ""edward""]"
491,123,"[""john"", ""mary"", ""edward"", ""sam"", ""emily"", ""jaimie"", ""tod"", ""young""]","[""-"", ""-"", ""mary"", ""edward"", ""mary"", ""mary"", ""jaimie"", ""edward""]"
492,123,"[""john"", ""mary"", ""edward"", ""sam"", ""emily"", ""jaimie"", ""tod"", ""young""]","[""-"", ""-"", ""mary"", ""edward"", ""mary"", ""mary"", ""jaimie"", ""edward""]"
493,124,6,6
494,124,3,3
495,124,100,97
496,124,100,97
497,125,5,5
498,125,5,5
499,125,5,5
500,125,5,5
501,126,"[-5,0,2,1,2]","[[0,1],[3,4],[2,3],[0,3]]"
502,126,"[0,1,0]","[[0,1],[1,2]]"
503,126,"[0,1,0]","[[0,1],[1,2]]"
504,126,"[0,1,0]","[[0,1],[1,2]]"
505,127,"""[](){}""",3
506,127,"""}]()[{""",2
507,127,"""[)(]""",0
508,127,"""}}}""",0
509,128,"[14, 17, 15, 18, 19, 14, 13, 16, 28, 17]","[[10, 8], [1, 9], [9, 7], [5, 4], [1, 5], [5, 10], [10, 6], [1, 3], [10, 2]]"
510,128,"[5, 6, 5, 3, 4]","[[2,3], [1,4], [2,5], [1,2]]"
511,128,"[5, 6, 5, 1, 4]","[[2,3], [1,4], [2,5], [1,2]]"
512,128,"[10, 10, 1, 1]","[[3,2], [4,3], [1,4]]"
513,129,"[[1,0,0,3],[2,0,0,0],[0,0,0,2],[3,0,1,0]]",1
514,129,"[[3,0,0,2],[0,0,1,0],[0,1,0,0],[2,0,0,3]]",0
515,129,"[[3,0,0,2],[0,0,1,0],[0,1,0,0],[2,0,0,3]]",0
516,129,"[[3,0,0,2],[0,0,1,0],[0,1,0,0],[2,0,0,3]]",0
517,130,"""02:03:55""","""00:14:15"""
518,130,"""99:59:59""","""25:00:00"""
519,130,"""50:00:00""","""50:00:00"""
520,130,"""50:00:00""","""50:00:00"""
521,131,6,4
522,131,7,3
523,131,7,3
524,131,7,3
525,132,"[""java backend junior pizza 150"",""python frontend senior chicken 210"",""python frontend senior chicken 150"",""cpp backend senior pizza 260"",""java backend junior chicken 80"",""python backend senior chicken 50""]","[""java and backend and junior and pizza 100"",""python and frontend and senior and chicken 200"",""cpp and - and senior and pizza 250"",""- and backend and senior and - 150"",""- and - and - and chicken 100"",""- and - and - and - 150""]"
526,132,"[""java backend junior pizza 150"",""python frontend senior chicken 210"",""python frontend senior chicken 150"",""cpp backend senior pizza 260"",""java backend junior chicken 80"",""python backend senior chicken 50""]","[""java and backend and junior and pizza 100"",""python and frontend and senior and chicken 200"",""cpp and - and senior and pizza 250"",""- and backend and senior and - 150"",""- and - and - and chicken 100"",""- and - and - and - 150""]"
527,132,"[""java backend junior pizza 150"",""python frontend senior chicken 210"",""python frontend senior chicken 150"",""cpp backend senior pizza 260"",""java backend junior chicken 80"",""python backend senior chicken 50""]","[""java and backend and junior and pizza 100"",""python and frontend and senior and chicken 200"",""cpp and - and senior and pizza 250"",""- and backend and senior and - 150"",""- and - and - and chicken 100"",""- and - and - and - 150""]"
528,132,"[""java backend junior pizza 150"",""python frontend senior chicken 210"",""python frontend senior chicken 150"",""cpp backend senior pizza 260"",""java backend junior chicken 80"",""python backend senior chicken 50""]","[""java and backend and junior and pizza 100"",""python and frontend and senior and chicken 200"",""cpp and - and senior and pizza 250"",""- and backend and senior and - 150"",""- and - and - and chicken 100"",""- and - and - and - 150""]"
529,133,"[""ABCFG"", ""AC"", ""CDE"", ""ACDE"", ""BCFG"", ""ACDEH""]","[2,3,4]"
530,133,"[""ABCDE"", ""AB"", ""CD"", ""ADE"", ""XYZ"", ""XYZ"", ""ACD""]","[2,3,5]"
531,133,"[""XYZ"", ""XWY"", ""WXA""]","[2,3,4]"
532,133,"[""XYZ"", ""XWY"", ""WXA""]","[2,3,4]"
533,134,"[[5,1],[2,5],[3,5],[3,6],[2,4],[4,0]]",7
534,134,"[[2,5],[2,0],[3,2],[4,2],[2,1]]",4
535,134,"[[2,5],[2,0],[3,2],[4,2],[2,1]]",4
536,134,"[[2,5],[2,0],[3,2],[4,2],[2,1]]",4
537,135,[0],0
538,135,"[5,2,3,3,5,3]",4
539,135,"[0,3,3,0,7,2,0,2,2,0]",8
540,135,"[0,3,3,0,7,2,0,2,2,0]",8
541,136,"""110010101001""","[3,8]"
542,136,"""01110""","[3,3]"
543,136,"""1111111""","[4,1]"
544,136,"""1111111""","[4,1]"
545,137,"""baby""",9
546,137,"""oo""",0
547,137,"""oo""",0
548,137,"""oo""",0
549,138,4,"[[1,2],[2,3],[3,4]]"
550,138,5,"[[1,5],[2,5],[3,5],[4,5]]"
551,138,5,"[[1,5],[2,5],[3,5],[4,5]]"
552,138,5,"[[1,5],[2,5],[3,5],[4,5]]"
553,139,"[[1,1,0,0],[1,0,0,0],[1,0,0,1],[1,1,1,1]]","[4,9]"
554,139,"[[1,1,1,1,1,1,1,1],[0,1,1,1,1,1,1,1],[0,0,0,0,1,1,1,1],[0,1,0,0,1,1,1,1],[0,0,0,0,0,0,1,1],[0,0,0,0,0,0,0,1],[0,0,0,0,1,0,0,1],[0,0,0,0,1,1,1,1]]","[10,15]"
555,139,"[[1,1,1,1,1,1,1,1],[0,1,1,1,1,1,1,1],[0,0,0,0,1,1,1,1],[0,1,0,0,1,1,1,1],[0,0,0,0,0,0,1,1],[0,0,0,0,0,0,0,1],[0,0,0,0,1,0,0,1],[0,0,0,0,1,1,1,1]]","[10,15]"
556,139,"[[1,1,1,1,1,1,1,1],[0,1,1,1,1,1,1,1],[0,0,0,0,1,1,1,1],[0,1,0,0,1,1,1,1],[0,0,0,0,0,0,1,1],[0,0,0,0,0,0,0,1],[0,0,0,0,1,0,0,1],[0,0,0,0,1,1,1,1]]","[10,15]"
557,140,"[[0,1,0],[1,1,1],[1,1,0],[0,1,1]]",6
558,140,"[[1,0,0],[1,0,0]]",0
559,140,"[[1,0,0,1,1],[0,0,0,0,0],[1,1,0,0,0],[0,0,0,0,1]]",72
560,140,"[[1,0,0,1,1],[0,0,0,0,0],[1,1,0,0,0],[0,0,0,0,1]]",72
561,141,"[9,-1,-5]",3
562,141,"[-16,27,65,-2,58,-92,-71,-68,-61,-33]",6
563,141,"[-16,27,65,-2,58,-92,-71,-68,-61,-33]",6
564,141,"[-16,27,65,-2,58,-92,-71,-68,-61,-33]",6
565,142,4,"[1,2,9,3,10,8,4,5,6,7]"
566,142,5,"[1,2,12,3,13,11,4,14,15,10,5,6,7,8,9]"
567,142,6,"[1,2,15,3,16,14,4,17,21,13,5,18,19,20,12,6,7,8,9,10,11]"
568,142,6,"[1,2,15,3,16,14,4,17,21,13,5,18,19,20,12,6,7,8,9,10,11]"
569,143,9,"[[0,1],[0,3],[0,7],[8,1],[3,6],[1,2],[4,7],[7,5]]"
570,143,9,"[[8,1],[0,1],[1,2],[0,7],[4,7],[0,3],[7,5],[3,6]]"
571,143,9,"[[8,1],[0,1],[1,2],[0,7],[4,7],[0,3],[7,5],[3,6]]"
572,143,9,"[[8,1],[0,1],[1,2],[0,7],[4,7],[0,3],[7,5],[3,6]]"
573,144,"[[0,0,0],[0,0,0],[0,0,0]]",900
574,144,"[[0,0,0,0,0,0,0,1],[0,0,0,0,0,0,0,0],[0,0,0,0,0,1,0,0],[0,0,0,0,1,0,0,0],[0,0,0,1,0,0,0,1],[0,0,1,0,0,0,1,0],[0,1,0,0,0,1,0,0],[1,0,0,0,0,0,0,0]]",3800
575,144,"[[0,0,1,0],[0,0,0,0],[0,1,0,1],[1,0,0,0]]",2100
576,144,"[[0,0,0,0,0,0],[0,1,1,1,1,0],[0,0,1,0,0,0],[1,0,0,1,0,1],[0,1,0,0,0,1],[0,0,0,0,0,0]]",3200
577,145,"[""DIA"", ""RUBY"", ""RUBY"", ""DIA"", ""DIA"", ""EMERALD"", ""SAPPHIRE"", ""DIA""]","[3, 7]"
578,145,"[""AA"", ""AB"", ""AC"", ""AA"", ""AC""]","[1, 3]"
579,145,"[""XYZ"", ""XYZ"", ""XYZ""]","[1, 1]"
580,145,"[""ZZZ"", ""YYY"", ""NNNN"", ""YYY"", ""BBB""]","[1, 5]"
581,146,"""100-200*300-500+20""",60420
582,146,"""50*6-3*2""",300
583,146,"""50*6-3*2""",300
584,146,"""50*6-3*2""",300
585,147,"""{{2},{2,1},{2,1,3},{2,1,3,4}}""","[2, 1, 3, 4]"
586,147,"""{{1,2,3},{2,1},{1,2,4,3},{2}}""","[2, 1, 3, 4]"
587,147,"""{{20,111},{111}}""","[111, 20]"
588,147,"""{{123}}""",[123]
589,148,"[""frodo"", ""fradi"", ""crodo"", ""abc123"", ""frodoc""]","[""fr*d*"", ""abc1**""]"
590,148,"[""frodo"", ""fradi"", ""crodo"", ""abc123"", ""frodoc""]","[""*rodo"", ""*rodo"", ""******""]"
591,148,"[""frodo"", ""fradi"", ""crodo"", ""abc123"", ""frodoc""]","[""fr*d*"", ""*rodo"", ""******"", ""******""]"
592,148,"[""frodo"", ""fradi"", ""crodo"", ""abc123"", ""frodoc""]","[""fr*d*"", ""*rodo"", ""******"", ""******""]"
593,149,10,"[1,3,4,1,3,1]"
594,149,10,"[1,3,4,1,3,1]"
595,149,10,"[1,3,4,1,3,1]"
596,149,10,"[1,3,4,1,3,1]"
597,150,"[2, 4, 5, 3, 2, 1, 4, 2, 5, 1]",3
598,150,"[2, 4, 5, 3, 2, 1, 4, 2, 5, 1]",3
599,150,"[2, 4, 5, 3, 2, 1, 4, 2, 5, 1]",3
600,150,"[2, 4, 5, 3, 2, 1, 4, 2, 5, 1]",3
601,151,1630,83
602,151,1631,83
603,151,5491,286
604,151,5504,286
605,152,"[[1, 4, 8, 10], [5, 5, 5, 5], [10, 10, 10, 10], [10, 10, 10, 20]]",3
606,152,"[[10, 11, 10, 11], [2, 21, 20, 10], [1, 20, 21, 11], [2, 1, 2, 1]]",1
607,152,"[[10, 11, 10, 11], [2, 21, 20, 10], [1, 20, 21, 11], [2, 1, 2, 1]]",1
608,152,"[[10, 11, 10, 11], [2, 21, 20, 10], [1, 20, 21, 11], [2, 1, 2, 1]]",1
609,153,8,12
610,153,8,12
611,153,8,12
612,153,8,12
613,154,"[[0, 0, 0, 1, 1],[0, 0, 0, 1, 0],[0, 1, 0, 1, 1],[1, 1, 0, 0, 1],[0, 0, 0, 0, 0]]",7
614,154,"[[0, 0, 0, 1, 1],[0, 0, 0, 1, 0],[0, 1, 0, 1, 1],[1, 1, 0, 0, 1],[0, 0, 0, 0, 0]]",7
615,154,"[[0, 0, 0, 1, 1],[0, 0, 0, 1, 0],[0, 1, 0, 1, 1],[1, 1, 0, 0, 1],[0, 0, 0, 0, 0]]",7
616,154,"[[0, 0, 0, 1, 1],[0, 0, 0, 1, 0],[0, 1, 0, 1, 1],[1, 1, 0, 0, 1],[0, 0, 0, 0, 0]]",7
617,155,12,"[1, 5, 6, 10]"
618,155,12,"[1, 3, 4, 9, 10]"
619,155,12,"[1, 3, 4, 9, 10]"
620,155,12,"[1, 3, 4, 9, 10]"
621,156,5,"[[1,0,0,1],[1,1,1,1],[2,1,0,1],[2,2,1,1],[5,0,0,1],[5,1,0,1],[4,2,1,1],[3,2,1,1]]"
622,156,5,"[[0,0,0,1],[2,0,0,1],[4,0,0,1],[0,1,1,1],[1,1,1,1],[2,1,1,1],[3,1,1,1],[2,0,0,0],[1,1,1,0],[2,2,0,1]]"
623,156,5,"[[0,0,0,1],[2,0,0,1],[4,0,0,1],[0,1,1,1],[1,1,1,1],[2,1,1,1],[3,1,1,1],[2,0,0,0],[1,1,1,0],[2,2,0,1]]"
624,156,5,"[[0,0,0,1],[2,0,0,1],[4,0,0,1],[0,1,1,1],[1,1,1,1],[2,1,1,1],[3,1,1,1],[2,0,0,0],[1,1,1,0],[2,2,0,1]]"
625,157,"[""frodo"", ""front"", ""frost"", ""frozen"", ""frame"", ""kakao""]","[""fro??"", ""????o"", ""fr???"", ""fro???"", ""pro?""]"
626,157,"[""frodo"", ""front"", ""frost"", ""frozen"", ""frame"", ""kakao""]","[""fro??"", ""????o"", ""fr???"", ""fro???"", ""pro?""]"
627,157,"[""frodo"", ""front"", ""frost"", ""frozen"", ""frame"", ""kakao""]","[""fro??"", ""????o"", ""fr???"", ""fro???"", ""pro?""]"
628,157,"[""frodo"", ""front"", ""frost"", ""frozen"", ""frame"", ""kakao""]","[""fro??"", ""????o"", ""fr???"", ""fro???"", ""pro?""]"
629,158,"[[0, 0, 0], [1, 0, 0], [0, 1, 1]]","[[1, 1, 1], [1, 1, 0], [1, 0, 1]]"
630,158,"[[0, 0, 0], [1, 0, 0], [0, 1, 1]]","[[1, 1, 1], [1, 1, 0], [1, 0, 1]]"
631,158,"[[0, 0, 0], [1, 0, 0], [0, 1, 1]]","[[1, 1, 1], [1, 1, 0], [1, 0, 1]]"
632,158,"[[0, 0, 0], [1, 0, 0], [0, 1, 1]]","[[1, 1, 1], [1, 1, 0], [1, 0, 1]]"
633,159,"""(()())()""","""(()())()"""
634,159,""")(""","""()"""
635,159,"""()))((()""","""()(())()"""
636,159,"""()))((()""","""()(())()"""
637,160,"""aabbaccc""",7
638,160,"""ababcdcdababcdcd""",9
639,160,"""abcabcdede""",8
640,160,"""abcabcabcabcdededededede""",14
641,161,A349996,Cat
642,161,A350276,Cat
643,161,A350375,Cat
644,161,A352555,Dog
645,162,0,0
646,162,1,0
647,162,2,0
648,162,3,0
649,163,9,1
650,163,10,2
651,163,11,13
652,163,12,10
653,164,A354597,Cat
654,164,A362707,Dog
655,164,A370507,Cat
656,164,A414513,Dog
657,165,A350276,Cat
658,165,A350375,Cat
659,165,A368930,Dog
660,165,A368930,Dog
661,166,A355753,Dog
662,166,A373219,Cat
663,166,A382192,Dog
664,166,A382192,Dog
665,167,A562649,Dog
666,167,A412626,Dog
667,167,A563492,Dog
668,167,A513956,Dog
669,168,A399552,Dog
670,168,A379998,Dog
671,168,A370852,Dog
672,168,A403564,Dog
673,169,A355753,Dog
674,169,A352872,Dog
675,169,A353259,Dog
676,169,A373219,Cat
677,170,A373219,Cat
678,170,A377750,Dog
679,170,A353259,Dog
680,170,A354540,Cat
681,171,A367438,Dog
682,171,A382192,Dog
683,171,A405494,Dog
684,171,A410330,Dog
685,172,A354597,Cat
686,172,A373687,Dog
687,172,A412697,Dog
688,172,A413789,Dog
689,173,A350276,Cat
690,173,A381217,Dog
691,173,A381217,Dog
692,173,A381217,Dog
693,174,A352713,Cat
694,174,A350375,Cat
695,174,A350375,Cat
696,174,A350375,Cat
697,175,A396810,Dog
698,175,A377750,Dog
699,175,A355688,Dog
700,175,A399421,Dog
701,176,A373219,Cat
702,176,A377750,Dog
703,176,A354540,Cat
704,176,A354540,Cat
705,177,A399552,Dog
706,177,A379998,Dog
707,177,A370852,Dog
708,177,A403564,Dog
709,178,"[1,1,2,3]",3
710,178,"[1,2,4,5]",0
711,178,"[1,2,4,5]",0
712,178,"[1,2,4,5]",0
713,179,"""ULURRDLLU""",7
714,179,"""LULLLLLLU""",7
715,179,"""LULLLLLLU""",7
716,179,"""LULLLLLLU""",7
717,180,"""CBD""","[""BACDE"", ""CBADF"", ""AECB"", ""BDA""]"
718,180,"""CBD""","[""BACDE"", ""CBADF"", ""AECB"", ""BDA""]"
719,180,"""CBD""","[""BACDE"", ""CBADF"", ""AECB"", ""BDA""]"
720,180,"""CBD""","[""BACDE"", ""CBADF"", ""AECB"", ""BDA""]"
721,181,5,"[[4, 3], [4, 2], [3, 2], [1, 2], [2, 5]]"
722,181,5,"[[4, 3], [4, 2], [3, 2], [1, 2], [2, 5]]"
723,181,5,"[[4, 3], [4, 2], [3, 2], [1, 2], [2, 5]]"
724,181,5,"[[4, 3], [4, 2], [3, 2], [1, 2], [2, 5]]"
725,182,"[6, 6, 6, 4, 4, 4, 2, 2, 2, 0, 0, 0, 1, 6, 5, 5, 3, 6, 0]",3
726,182,"[6, 6, 6, 4, 4, 4, 2, 2, 2, 0, 0, 0, 1, 6, 5, 5, 3, 6, 0]",3
727,182,"[6, 6, 6, 4, 4, 4, 2, 2, 2, 0, 0, 0, 1, 6, 5, 5, 3, 6, 0]",3
728,182,"[6, 6, 6, 4, 4, 4, 2, 2, 2, 0, 0, 0, 1, 6, 5, 5, 3, 6, 0]",3
729,183,6,"[[3, 6], [4, 3], [3, 2], [1, 3], [1, 2], [2, 4], [5, 2]]"
730,183,6,"[[3, 6], [4, 3], [3, 2], [1, 3], [1, 2], [2, 4], [5, 2]]"
731,183,6,"[[3, 6], [4, 3], [3, 2], [1, 3], [1, 2], [2, 4], [5, 2]]"
732,183,6,"[[3, 6], [4, 3], [3, 2], [1, 3], [1, 2], [2, 4], [5, 2]]"
733,184,6,"[7, 10]"
734,184,6,"[7, 10]"
735,184,6,"[7, 10]"
736,184,6,"[7, 10]"
737,185,25,"[2, 14, 11, 21, 17]"
738,185,25,"[2, 14, 11, 21, 17]"
739,185,25,"[2, 14, 11, 21, 17]"
740,185,25,"[2, 14, 11, 21, 17]"
741,186,"[1, 1, 1, 1, 1]",3
742,186,"[4, 1, 2, 1]",4
743,186,"[4, 1, 2, 1]",4
744,186,"[4, 1, 2, 1]",4
745,187,"[[""ICN"", ""JFK""], [""HND"", ""IAD""], [""JFK"", ""HND""]]","[""ICN"", ""JFK"", ""HND"", ""IAD""]"
746,187,"[[""ICN"", ""SFO""], [""ICN"", ""ATL""], [""SFO"", ""ATL""], [""ATL"", ""ICN""], [""ATL"",""SFO""]]","[""ICN"", ""ATL"", ""ICN"", ""SFO"", ""ATL"", ""SFO""]"
747,187,"[[""ICN"", ""SFO""], [""ICN"", ""ATL""], [""SFO"", ""ATL""], [""ATL"", ""ICN""], [""ATL"",""SFO""]]","[""ICN"", ""ATL"", ""ICN"", ""SFO"", ""ATL"", ""SFO""]"
748,187,"[[""ICN"", ""SFO""], [""ICN"", ""ATL""], [""SFO"", ""ATL""], [""ATL"", ""ICN""], [""ATL"",""SFO""]]","[""ICN"", ""ATL"", ""ICN"", ""SFO"", ""ATL"", ""SFO""]"
749,188,"""hit""","""cog"""
750,188,"""hit""","""cog"""
751,188,"""hit""","""cog"""
752,188,"""hit""","""cog"""
753,189,3,"[[1, 1, 0], [1, 1, 0], [0, 0, 1]]"
754,189,3,"[[1, 1, 0], [1, 1, 1], [0, 1, 1]]"
755,189,3,"[[1, 1, 0], [1, 1, 1], [0, 1, 1]]"
756,189,3,"[[1, 1, 0], [1, 1, 1], [0, 1, 1]]"
757,190,"[[7], [3, 8], [8, 1, 0], [2, 7, 4, 4], [4, 5, 2, 6, 5]]",30
758,190,"[[7], [3, 8], [8, 1, 0], [2, 7, 4, 4], [4, 5, 2, 6, 5]]",30
759,190,"[[7], [3, 8], [8, 1, 0], [2, 7, 4, 4], [4, 5, 2, 6, 5]]",30
760,190,"[[7], [3, 8], [8, 1, 0], [2, 7, 4, 4], [4, 5, 2, 6, 5]]",30
761,191,4,3
762,191,4,3
763,191,4,3
764,191,4,3
765,192,"[1, 2, 3, 1]",4
766,192,"[1, 2, 3, 1]",4
767,192,"[1, 2, 3, 1]",4
768,192,"[1, 2, 3, 1]",4
769,193,5,12
770,193,2,11
771,193,2,11
772,193,2,11
773,194,"[[0,0,0,0,0,0,0,0,0,0],[0,0,0,0,0,0,0,0,0,0],[0,0,0,0,0,0,0,0,0,0],[0,0,0,0,0,0,0,0,0,0],[0,0,0,0,0,0,4,0,0,0],[0,0,0,0,0,4,4,0,0,0],[0,0,0,0,3,0,4,0,0,0],[0,0,0,2,3,0,0,0,5,5],[1,2,2,2,3,3,0,0,0,5],[1,1,1,0,0,0,0,0,0,5]]",2
774,194,"[[0,0,0,0,0,0,0,0,0,0],[0,0,0,0,0,0,0,0,0,0],[0,0,0,0,0,0,0,0,0,0],[0,0,0,0,0,0,0,0,0,0],[0,0,0,0,0,0,4,0,0,0],[0,0,0,0,0,4,4,0,0,0],[0,0,0,0,3,0,4,0,0,0],[0,0,0,2,3,0,0,0,5,5],[1,2,2,2,3,3,0,0,0,5],[1,1,1,0,0,0,0,0,0,5]]",2
775,194,"[[0,0,0,0,0,0,0,0,0,0],[0,0,0,0,0,0,0,0,0,0],[0,0,0,0,0,0,0,0,0,0],[0,0,0,0,0,0,0,0,0,0],[0,0,0,0,0,0,4,0,0,0],[0,0,0,0,0,4,4,0,0,0],[0,0,0,0,3,0,4,0,0,0],[0,0,0,2,3,0,0,0,5,5],[1,2,2,2,3,3,0,0,0,5],[1,1,1,0,0,0,0,0,0,5]]",2
776,194,"[[0,0,0,0,0,0,0,0,0,0],[0,0,0,0,0,0,0,0,0,0],[0,0,0,0,0,0,0,0,0,0],[0,0,0,0,0,0,0,0,0,0],[0,0,0,0,0,0,4,0,0,0],[0,0,0,0,0,4,4,0,0,0],[0,0,0,0,3,0,4,0,0,0],[0,0,0,2,3,0,0,0,5,5],[1,2,2,2,3,3,0,0,0,5],[1,1,1,0,0,0,0,0,0,5]]",2
777,195,0,0
778,195,0,0
779,195,0,0
780,195,0,0
781,196,"[[5,3],[11,5],[13,3],[3,5],[6,1],[1,3],[8,6],[7,2],[2,2]]","[[7,4,6,9,1,8,5,2,3],[9,6,5,8,1,4,3,2,7]]"
782,196,"[[5,3],[11,5],[13,3],[3,5],[6,1],[1,3],[8,6],[7,2],[2,2]]","[[7,4,6,9,1,8,5,2,3],[9,6,5,8,1,4,3,2,7]]"
783,196,"[[5,3],[11,5],[13,3],[3,5],[6,1],[1,3],[8,6],[7,2],[2,2]]","[[7,4,6,9,1,8,5,2,3],[9,6,5,8,1,4,3,2,7]]"
784,196,"[[5,3],[11,5],[13,3],[3,5],[6,1],[1,3],[8,6],[7,2],[2,2]]","[[7,4,6,9,1,8,5,2,3],[9,6,5,8,1,4,3,2,7]]"
785,197,"[3, 1, 2]",5
786,197,"[3, 1, 2]",5
787,197,"[3, 1, 2]",5
788,197,"[3, 1, 2]",5
789,198,"[[""100"",""ryan"",""music"",""2""],[""200"",""apeach"",""math"",""2""],[""300"",""tube"",""computer"",""3""],[""400"",""con"",""computer"",""4""],[""500"",""muzi"",""music"",""3""],[""600"",""apeach"",""music"",""2""]]",2
790,198,"[[""100"",""ryan"",""music"",""2""],[""200"",""apeach"",""math"",""2""],[""300"",""tube"",""computer"",""3""],[""400"",""con"",""computer"",""4""],[""500"",""muzi"",""music"",""3""],[""600"",""apeach"",""music"",""2""]]",2
791,198,"[[""100"",""ryan"",""music"",""2""],[""200"",""apeach"",""math"",""2""],[""300"",""tube"",""computer"",""3""],[""400"",""con"",""computer"",""4""],[""500"",""muzi"",""music"",""3""],[""600"",""apeach"",""music"",""2""]]",2
792,198,"[[""100"",""ryan"",""music"",""2""],[""200"",""apeach"",""math"",""2""],[""300"",""tube"",""computer"",""3""],[""400"",""con"",""computer"",""4""],[""500"",""muzi"",""music"",""3""],[""600"",""apeach"",""music"",""2""]]",2
793,199,"[""Enter uid1234 Muzi"", ""Enter uid4567 Prodo"",""Leave uid1234"",""Enter uid1234 Prodo"",""Change uid4567 Ryan""]","[""Prodo님이 들어왔습니다."", ""Ryan님이 들어왔습니다."", ""Prodo님이 나갔습니다."", ""Prodo님이 들어왔습니다.""]"
794,199,"[""Enter uid1234 Muzi"", ""Enter uid4567 Prodo"",""Leave uid1234"",""Enter uid1234 Prodo"",""Change uid4567 Ryan""]","[""Prodo님이 들어왔습니다."", ""Ryan님이 들어왔습니다."", ""Prodo님이 나갔습니다."", ""Prodo님이 들어왔습니다.""]"
795,199,"[""Enter uid1234 Muzi"", ""Enter uid4567 Prodo"",""Leave uid1234"",""Enter uid1234 Prodo"",""Change uid4567 Ryan""]","[""Prodo님이 들어왔습니다."", ""Ryan님이 들어왔습니다."", ""Prodo님이 나갔습니다."", ""Prodo님이 들어왔습니다.""]"
796,199,"[""Enter uid1234 Muzi"", ""Enter uid4567 Prodo"",""Leave uid1234"",""Enter uid1234 Prodo"",""Change uid4567 Ryan""]","[""Prodo님이 들어왔습니다."", ""Ryan님이 들어왔습니다."", ""Prodo님이 나갔습니다."", ""Prodo님이 들어왔습니다.""]"
797,200,"[70, 50, 80, 50]",100
798,200,"[70, 80, 50]",100
799,200,"[70, 80, 50]",100
800,200,"[70, 80, 50]",100
801,201,0,0
802,201,0,0
803,201,0,0
804,201,0,0
805,202,"""1924""",2
806,202,"""1231234""",3
807,202,"""4177252841""",4
808,202,"""4177252841""",4
809,203,0,0
810,203,0,0
811,203,0,0
812,203,0,0
813,204,"""JEROEN""",56
814,204,"""JAN""",23
815,204,"""JAN""",23
816,204,"""JAN""",23
817,205,10,2
818,205,8,1
819,205,24,24
820,205,24,24
821,206,"""17""",3
822,206,"""011""",2
823,206,"""011""",2
824,206,"""011""",2
825,207,"[3, 0, 6, 1, 5]",3
826,207,"[3, 0, 6, 1, 5]",3
827,207,"[3, 0, 6, 1, 5]",3
828,207,"[3, 0, 6, 1, 5]",3
829,208,"[6, 10, 2]","""6210"""
830,208,"[3, 30, 34, 5, 9]","""9534330"""
831,208,"[3, 30, 34, 5, 9]","""9534330"""
832,208,"[3, 30, 34, 5, 9]","""9534330"""
833,209,"[""I 16"", ""I -5643"", ""D -1"", ""D 1"", ""D 1"", ""I 123"", ""D -1""]","[0,0]"
834,209,"[""I -45"", ""I 653"", ""D 1"", ""I -642"", ""I 45"", ""I 97"", ""D 1"", ""D -1"", ""I 333""]","[333, -45]"
835,209,"[""I -45"", ""I 653"", ""D 1"", ""I -642"", ""I 45"", ""I 97"", ""D 1"", ""D -1"", ""I 333""]","[333, -45]"
836,209,"[""I -45"", ""I 653"", ""D 1"", ""I -642"", ""I 45"", ""I 97"", ""D 1"", ""D -1"", ""I 333""]","[333, -45]"
837,210,"[[0, 3], [1, 9], [3, 5]]",8
838,210,"[[0, 3], [1, 9], [3, 5]]",8
839,210,"[[0, 3], [1, 9], [3, 5]]",8
840,210,"[[0, 3], [1, 9], [3, 5]]",8
841,211,"[1, 2, 3, 9, 10, 12]",7
842,211,"[1, 2, 3, 9, 10, 12]",7
843,211,"[1, 2, 3, 9, 10, 12]",7
844,211,"[1, 2, 3, 9, 10, 12]",7
845,212,"[2, 1, 3, 2]",2
846,212,"[1, 1, 9, 1, 1, 1]",0
847,212,"[1, 1, 9, 1, 1, 1]",0
848,212,"[1, 1, 9, 1, 1, 1]",0
849,213,"[93, 30, 55]","[1, 30, 5]"
850,213,"[95, 90, 99, 99, 80, 99]","[1, 1, 1, 1, 1, 1]"
851,213,"[95, 90, 99, 99, 80, 99]","[1, 1, 1, 1, 1, 1]"
852,213,"[95, 90, 99, 99, 80, 99]","[1, 1, 1, 1, 1, 1]"
853,214,"[1, 2, 3, 2, 3]","[4, 3, 1, 1, 0]"
854,214,"[1, 2, 3, 2, 3]","[4, 3, 1, 1, 0]"
855,214,"[1, 2, 3, 2, 3]","[4, 3, 1, 1, 0]"
856,214,"[1, 2, 3, 2, 3]","[4, 3, 1, 1, 0]"
857,215,2,10
858,215,100,100
859,215,100,100
860,215,100,100
861,216,"[""classic"", ""pop"", ""classic"", ""classic"", ""pop""]","[500, 600, 150, 800, 2500]"
862,216,"[""classic"", ""pop"", ""classic"", ""classic"", ""pop""]","[500, 600, 150, 800, 2500]"
863,216,"[""classic"", ""pop"", ""classic"", ""classic"", ""pop""]","[500, 600, 150, 800, 2500]"
864,216,"[""classic"", ""pop"", ""classic"", ""classic"", ""pop""]","[500, 600, 150, 800, 2500]"
865,217,"[[""yellow_hat"", ""headgear""], [""blue_sunglasses"", ""eyewear""], [""green_turban"", ""headgear""]]",5
866,217,"[[""crow_mask"", ""face""], [""blue_sunglasses"", ""face""], [""smoky_makeup"", ""face""]]",3
867,217,"[[""crow_mask"", ""face""], [""blue_sunglasses"", ""face""], [""smoky_makeup"", ""face""]]",3
868,217,"[[""crow_mask"", ""face""], [""blue_sunglasses"", ""face""], [""smoky_makeup"", ""face""]]",3
869,218,"[""119"", ""97674223"", ""1195524421""]",false
870,218,"[""123"",""456"",""789""]",true
871,218,"[""12"",""123"",""1235"",""567"",""88""]",false
872,218,"[""12"",""123"",""1235"",""567"",""88""]",false
873,219,2,4
874,219,16,16
875,219,16,16
876,219,16,16
877,220,0,0
878,220,0,0
879,220,0,0
880,220,0,0
881,221,"[""go"",""gone"",""guild""]",7
882,221,"[""abc"",""def"",""ghi"",""jklm""]",4
883,221,"[""word"",""war"",""warrior"",""world""]",15
884,221,"[""word"",""war"",""warrior"",""world""]",15
885,222,KAKAO,"[11, 1, 27, 15]"
886,222,TOBEORNOTTOBEORTOBEORNOT,"[20, 15, 2, 5, 15, 18, 14, 15, 20, 27, 29, 31, 36, 30, 32, 34]"
887,222,ABABABABABABABAB,"[1, 2, 27, 29, 28, 31, 30]"
888,222,ABABABABABABABAB,"[1, 2, 27, 29, 28, 31, 30]"
889,223,"""ABCDEFG""","[""12:00,12:14,HELLO,CDEFGAB"", ""13:00,13:05,WORLD,ABCDEF""]"
890,223,"""CC#BCC#BCC#BCC#B""","[""03:00,03:30,FOO,CC#B"", ""04:00,04:08,BAR,CC#BCC#BCC#B""]"
891,223,"""ABC""","[""12:00,12:14,HELLO,C#DEFGAB"", ""13:00,13:05,WORLD,ABCDEF""]"
892,223,"""ABC""","[""12:00,12:14,HELLO,C#DEFGAB"", ""13:00,13:05,WORLD,ABCDEF""]"
893,224,3,"[""Jeju"", ""Pangyo"", ""Seoul"", ""NewYork"", ""LA"", ""Jeju"", ""Pangyo"", ""Seoul"", ""NewYork"", ""LA""]"
894,224,3,"[""Jeju"", ""Pangyo"", ""Seoul"", ""Jeju"", ""Pangyo"", ""Seoul"", ""Jeju"", ""Pangyo"", ""Seoul""]"
895,224,2,"[""Jeju"", ""Pangyo"", ""Seoul"", ""NewYork"", ""LA"", ""SanFrancisco"", ""Seoul"", ""Rome"", ""Paris"", ""Jeju"", ""NewYork"", ""Rome""]"
896,224,5,"[""Jeju"", ""Pangyo"", ""Seoul"", ""NewYork"", ""LA"", ""SanFrancisco"", ""Seoul"", ""Rome"", ""Paris"", ""Jeju"", ""NewYork"", ""Rome""]"
897,225,4,5
898,225,6,6
899,225,6,6
900,225,6,6
901,226,1,1
902,226,2,10
903,226,2,1
904,226,10,60
905,227,0,0
906,227,0,0
907,227,0,0
908,227,0,0
909,228,0,0
910,228,0,0
911,228,0,0
912,228,0,0
913,229,"[5,1,3,7]","[2,2,6,8]"
914,229,"[2,2,2,2]","[1,1,1,1]"
915,229,"[2,2,2,2]","[1,1,1,1]"
916,229,"[2,2,2,2]","[1,1,1,1]"
917,230,8,4
918,230,8,4
919,230,8,4
920,230,8,4
921,231,"[[1, 2], [2, 3]]",3
922,231,"[[4, 4, 3], [3, 2, 2], [ 2, 1, 0 ]]",5
923,231,"[[4, 4, 3], [3, 2, 2], [ 2, 1, 0 ]]",5
924,231,"[[4, 4, 3], [3, 2, 2], [ 2, 1, 0 ]]",5
925,232,"[""ba"",""na"",""n"",""a""]","""banana"""
926,232,"[""app"",""ap"",""p"",""l"",""e"",""ple"",""pp""]","""apple"""
927,232,"[""ba"",""an"",""nan"",""ban"",""n""]","""banana"""
928,232,"[""ba"",""an"",""nan"",""ban"",""n""]","""banana"""
929,233,3,"[""tank"", ""kick"", ""know"", ""wheel"", ""land"", ""dream"", ""mother"", ""robot"", ""tank""]"
930,233,5,"[""hello"", ""observe"", ""effect"", ""take"", ""either"", ""recognize"", ""encourage"", ""ensure"", ""establish"", ""hang"", ""gather"", ""refer"", ""reference"", ""estimate"", ""executive""]"
931,233,2,"[""hello"", ""one"", ""even"", ""never"", ""now"", ""world"", ""draw""]"
932,233,2,"[""hello"", ""one"", ""even"", ""never"", ""now"", ""world"", ""draw""]"
933,234,5,2
934,234,6,2
935,234,5000,5
936,234,5000,5
937,235,11,"[4, 11]"
938,235,16,[9]
939,235,16,[9]
940,235,16,[9]
941,236,5,"[[1,2,1],[2,3,3],[5,2,2],[1,4,2],[5,3,1],[5,4,2]]"
942,236,6,"[[1,2,1],[1,3,2],[2,3,2],[3,4,3],[3,5,2],[3,5,3],[5,6,1]]"
943,236,6,"[[1,2,1],[1,3,2],[2,3,2],[3,4,3],[3,5,2],[3,5,3],[5,6,1]]"
944,236,6,"[[1,2,1],[1,3,2],[2,3,2],[3,4,3],[3,5,2],[3,5,3],[5,6,1]]"
945,237,"[[0, 1, 4, 4], [3, 1, 5, 3]]",14
946,237,"[[1, 1, 6, 5], [2, 0, 4, 2], [2, 4, 5, 7], [4, 3, 8, 6], [7, 5, 9, 7]]",38
947,237,"[[1, 1, 6, 5], [2, 0, 4, 2], [2, 4, 5, 7], [4, 3, 8, 6], [7, 5, 9, 7]]",38
948,237,"[[1, 1, 6, 5], [2, 0, 4, 2], [2, 4, 5, 7], [4, 3, 8, 6], [7, 5, 9, 7]]",38
949,238,baabaa,1
950,238,cdcd,0
951,238,cdcd,0
952,238,cdcd,0
953,239,"[14, 6, 5, 11, 3, 9, 2, 10]",36
954,239,"[1, 3, 2, 5, 4]",8
955,239,"[1, 3, 2, 5, 4]",8
956,239,"[1, 3, 2, 5, 4]",8
957,240,"[2,6,8,14]",168
958,240,"[1,2,3]",6
959,240,"[1,2,3]",6
960,240,"[1,2,3]",6
961,241,4,2
962,241,4,2
963,241,4,2
964,241,4,2
965,242,"""3people unFollowed me""","""3people Unfollowed Me"""
966,242,"""for the last week""","""For The Last Week"""
967,242,"""for the last week""","""For The Last Week"""
968,242,"""for the last week""","""For The Last Week"""
969,243,"[[1, 4], [3, 2], [4, 1]]","[[3, 3], [3, 3]]"
970,243,"[[2, 3, 2], [4, 2, 4], [3, 1, 4]]","[[5, 4, 3], [2, 4, 1], [3, 1, 1]]"
971,243,"[[2, 3, 2], [4, 2, 4], [3, 1, 4]]","[[5, 4, 3], [2, 4, 1], [3, 1, 1]]"
972,243,"[[2, 3, 2], [4, 2, 4], [3, 1, 4]]","[[5, 4, 3], [2, 4, 1], [3, 1, 1]]"
973,244,2,"[ [1,2], [1,3], [2,3] ]"
974,244,2,"[ [1,2], [1,3], [2,3] ]"
975,244,2,"[ [1,2], [1,3], [2,3] ]"
976,244,2,"[ [1,2], [1,3], [2,3] ]"
977,245,3,2
978,245,5,5
979,245,5,5
980,245,5,5
981,246,"[[5,3],[3,10],[10,6]]",270
982,246,"[[5,3],[3,10],[10,6]]",270
983,246,"[[5,3],[3,10],[10,6]]",270
984,246,"[[5,3],[3,10],[10,6]]",270
985,247,"[1, 4, 2]","[5, 4, 4]"
986,247,"[1,2]","[3,4]"
987,247,"[1,2]","[3,4]"
988,247,"[1,2]","[3,4]"
989,248,"""1 2 3 4""","""1 4"""
990,248,"""-1 -2 -3 -4""","""-4 -1"""
991,248,"""-1 -1""","""-1 -1"""
992,248,"""-1 -1""","""-1 -1"""
993,249,2,9
994,249,2,1
995,249,2,8
996,249,2,8
997,250,3,5
998,250,3,5
999,250,3,5
1000,250,3,5
1001,251,2,2
1002,251,3,5
1003,251,3,5
1004,251,3,5
1005,252,"[4, 3, 3]",4
1006,252,"[2, 1, 2]",1
1007,252,"[1,1]",3
1008,252,"[1,1]",3
1009,253,15,4
1010,253,15,4
1011,253,15,4
1012,253,15,4
1013,254,1,10
1014,254,1,10
1015,254,1,10
1016,254,1,10
1017,255,6,"[1,2,3]"
1018,255,6,"[1,2,3]"
1019,255,6,"[1,2,3]"
1020,255,6,"[1,2,3]"
1021,256,4,5
1022,256,3,3
1023,256,3,3
1024,256,3,3
1025,257,"[[1,2,3,5],[5,6,7,8],[4,3,2,1]]",16
1026,257,"[[1,2,3,5],[5,6,7,8],[4,3,2,1]]",16
1027,257,"[[1,2,3,5],[5,6,7,8],[4,3,2,1]]",16
1028,257,"[[1,2,3,5],[5,6,7,8],[4,3,2,1]]",16
1029,258,78,83
1030,258,15,23
1031,258,15,23
1032,258,15,23
1033,259,"""()()""",true
1034,259,"""(())()""",true
1035,259,""")()(""",false
1036,259,"""(()(""",false
1037,260,5,"[1,2,5]"
1038,260,5,"[1,2,5]"
1039,260,5,"[1,2,5]"
1040,260,5,"[1,2,5]"
1041,261,"[[0,1,1,1],[1,1,1,1],[1,1,1,1],[0,0,1,0]]",9
1042,261,"[[0,0,1,1],[1,1,1,1]]",4
1043,261,"[[0,0,1,1],[1,1,1,1]]",4
1044,261,"[[0,0,1,1],[1,1,1,1]]",4
1045,262,"""abcdcba""",7
1046,262,"""abacde""",3
1047,262,"""abacde""",3
1048,262,"""abacde""",3
1049,263,4,11
1050,263,4,11
1051,263,4,11
1052,263,4,11
1053,264,4,5
1054,264,4,5
1055,264,4,5
1056,264,4,5
1057,265,1,1
1058,265,2,2
1059,265,3,4
1060,265,4,11
1061,266,"[[1,0,1,1,1],[1,0,1,0,1],[1,0,1,1,1],[1,1,1,0,1],[0,0,0,0,1]]",11
1062,266,"[[1,0,1,1,1],[1,0,1,0,1],[1,0,1,1,1],[1,1,1,0,0],[0,0,0,0,1]]",-1
1063,266,"[[1,0,1,1,1],[1,0,1,0,1],[1,0,1,1,1],[1,1,1,0,0],[0,0,0,0,1]]",-1
1064,266,"[[1,0,1,1,1],[1,0,1,0,1],[1,0,1,1,1],[1,1,1,0,0],[0,0,0,0,1]]",-1
1065,267,"[""1"", ""-"", ""3"", ""+"", ""5"", ""-"", ""8""]",1
1066,267,"[""5"", ""-"", ""3"", ""+"", ""1"", ""+"", ""2"", ""-"", ""4""]",3
1067,267,"[""5"", ""-"", ""3"", ""+"", ""1"", ""+"", ""2"", ""-"", ""4""]",3
1068,267,"[""5"", ""-"", ""3"", ""+"", ""1"", ""+"", ""2"", ""-"", ""4""]",3
1069,268,0,0
1070,268,0,0
1071,268,0,0
1072,268,0,0
1073,269,0,0
1074,269,0,0
1075,269,0,0
1076,269,0,0
1077,270,0,0
1078,270,0,0
1079,270,0,0
1080,270,0,0
1081,271,0,0
1082,271,0,0
1083,271,0,0
1084,271,0,0
1085,272,0,0
1086,272,0,0
1087,272,0,0
1088,272,0,0
1089,273,0,0
1090,273,0,0
1091,273,0,0
1092,273,0,0
1093,274,0,0
1094,274,0,0
1095,274,0,0
1096,274,0,0
1097,275,0,0
1098,275,0,0
1099,275,0,0
1100,275,0,0
1101,276,0,0
1102,276,0,0
1103,276,0,0
1104,276,0,0
1105,277,0,0
1106,277,0,0
1107,277,0,0
1108,277,0,0
1109,278,0,0
1110,278,0,0
1111,278,0,0
1112,278,0,0
1113,279,0,0
1114,279,0,0
1115,279,0,0
1116,279,0,0
1117,280,0,0
1118,280,0,0
1119,280,0,0
1120,280,0,0
1121,281,0,0
1122,281,0,0
1123,281,0,0
1124,281,0,0
1125,282,2,3
1126,282,8,153
1127,282,12,2131
1128,283,"""aab""",('aba')
1129,283,"""aabb""",('abab')
1130,283,"""abccdd""",('cdabcd')
1131,284,10,6
1132,284,2,1
1133,284,3,2
1134,285,99,101
1135,285,1221,1331
1136,285,120,121
1137,286,"3, 1",4
1138,286,"4, 1",11
1139,286,"5, 3",26
1140,287,"[(6, 9), (15, 34), (48, 70)], 2, 100","[(2, 6), (9, 100), (9, 15), (34, 100), (34, 48), (70, 100)]"
1141,287,"[(7, 2), (15, 19), (38, 50)], 5, 60","[(5, 7), (2, 60), (2, 15), (19, 60), (19, 38), (50, 60)]"
1142,287,"[(7, 2), (15, 19), (38, 50)], 1, 52","[(1, 7), (2, 52), (2, 15), (19, 52), (19, 38), (50, 52)]"
1143,288,"[2, 7, 4, 0, 9, 5, 1, 3], 8, 6, 0",True
1144,288,"[1, 4, 5, 6, 7, 8, 5, 9], 8, 6, 0",False
1145,288,"[10, 4, 2, 3, 5], 5, 15, 0",True
1146,289,1,30
1147,289,50,273
1148,289,1000,2664
1149,290,999,504
1150,290,9999,31626
1151,290,99,0
1152,291,"[1,8,9,15,16],5",74
1153,291,"[1,2,3,4],4",10
1154,291,"[1,2,3,4,5,7,9,11,14],9",188
1155,292,"2, 3, 7","('x = ', 2, ', y = ', 1)"
1156,292,"4, 2, 7",'No solution'
1157,292,"1, 13, 17","('x = ', 4, ', y = ', 1)"
1158,293,"""AGGTAB"" , ""GXTXAYB"", 6, 7",4
1159,293,"""ABCDGH"" , ""AEDFHR"", 6, 6",3
1160,293,"""AXYT"" , ""AYZX"", 4, 4",2
1161,294,"[1,2,3,-1,5],5",4
1162,294,"[0,-1,-2,1,5,8],6",2
1163,294,"[0,1,2,5,-8],5",3
1164,295,"4,2",10.392304845413264
1165,295,"5,7",4.639421805988064
1166,295,"9,1",105.2220865598093
1167,296,"""AABEBCDD""",3
1168,296,"""aabb""",2
1169,296,"""aab""",1
1170,297,"[1, 2, 3, 4, 5, 6, 7, 8, 9, 10, 11, 12, 13, 14],[[12, 18, 23, 25, 45], [7, 11, 19, 24, 28], [1, 5, 8, 18, 15, 16]]",False
1171,297,"[[2, 3, 1], [4, 5], [6, 8]],[[4, 5], [6, 8]]",True
1172,297,"[['a', 'b'], ['e'], ['c', 'd']],[['g']]",False
1173,298,"[1,2,3,4,5],0,4",1
1174,298,"[4,6,8],0,2",4
1175,298,"[2,3,5,7,9],0,4",2
1176,299,"[1, 15, 51, 45, 33, 100, 12, 18, 9], 9",194
1177,299,"[80, 60, 30, 40, 20, 10], 6",210
1178,299,"[2, 3 ,14, 16, 21, 23, 29, 30], 8",138
1179,300,"""TENS FOR TENS""",5
1180,300,"""CARDIO FOR CARDS""",7
1181,300,"""PART OF THE JOURNEY IS PART""",9
1182,301,3,7
1183,301,4,17
1184,301,5,41
1185,302,"[10, 20, -30, -1], 4, 3",30
1186,302,"[-1, 10, 20], 3, 2",59
1187,302,"[-1, -2, -3], 3, 3",-1
1188,303,"[1,20,6,4,5],5",5
1189,303,"[1,2,1],3",1
1190,303,"[1,2,5,6,1],5",3
1191,304,"[1, 101, 2, 3, 100, 4, 5 ], 7, 4, 6",11
1192,304,"[1, 101, 2, 3, 100, 4, 5 ], 7, 2, 5",7
1193,304,"[11, 15, 19, 21, 26, 28, 31], 7, 2, 4",71
1194,305,"[1, 2, 3, 4, 5, 6],[3, 6, 8, 9, 10, 6],3","[60, 54, 50]"
1195,305,"[1, 2, 3, 4, 5, 6],[3, 6, 8, 9, 10, 6],4","[60, 54, 50, 48]"
1196,305,"[1, 2, 3, 4, 5, 6],[3, 6, 8, 9, 10, 6],5","[60, 54, 50, 48, 45]"
1197,306,"[-5, -2, 5, 2, 4, 7, 1, 8, 0, -8], 10","[-5, 5, -2, 2, -8, 4, 7, 1, 8, 0]"
1198,306,"[1, 2, 3, -4, -1, 4], 6","[-4, 1, -1, 2, 3, 4]"
1199,306,"[4, 7, 9, 77, -4, 5, -3, -9], 8","[-4, 4, -3, 7, -9, 9, 77, 5]"
1200,307,6,3
1201,307,2,2
1202,307,4,1
1203,308,"[[3, 6, 8, 10, 15], [1, 5, 12], [4, 8, 15, 16], [2, 6]]","(4, 6)"
1204,308,"[[ 2, 3, 4, 8, 10, 15 ], [1, 5, 12], [7, 8, 15, 16], [3, 6]]","(4, 7)"
1205,308,"[[4, 7, 9, 11, 16], [2, 6, 13], [5, 9, 16, 17], [3, 7]]","(5, 7)"
1206,309,"4, 3",5
1207,309,"4, 2",4
1208,309,"3, 1",1
1209,310,'ab',"['ab', 'ba']"
1210,310,'abc',"['abc', 'bac', 'bca', 'acb', 'cab', 'cba']"
1211,310,'abcd',"['abcd', 'bacd', 'bcad', 'bcda', 'acbd', 'cabd', 'cbad', 'cbda', 'acdb', 'cadb', 'cdab', 'cdba', 'abdc', 'badc', 'bdac', 'bdca', 'adbc', 'dabc', 'dbac', 'dbca', 'adcb', 'dacb', 'dcab', 'dcba']"
1212,311,"[8, 9, 10, 1, 2, 3, 4, 5, 6, 7]",3
1213,311,"[8, 9, 10,2, 5, 6]",3
1214,311,"[2, 5, 6, 8, 9, 10]",0
1215,312,60,106
1216,312,10,12
1217,312,2,2
1218,313,12,21
1219,313,10,False
1220,313,102,120
1221,314,"[1,3,7],[2,4,6],2","[[1, 2], [1, 4]]"
1222,314,"[1,3,7],[2,4,6],1","[[1, 2]]"
1223,314,"[1,3,7],[2,4,6],7","[[1, 2], [1, 4], [3, 2], [1, 6], [3, 4], [3, 6], [7, 2]]"
1224,315,12,13
1225,315,24,27
1226,315,23,23
1227,316,18,26
1228,316,30,48
1229,316,6,8
1230,317,"[1, -2, -3, 0, 7, -8, -2]",112
1231,317,"[6, -3, -10, 0, 2]",180
1232,317,"[-2, -40, 0, -2, -3]",80
1233,318,"[1, 3, 20, 4, 1, 0], 6",2
1234,318,"[2, 3, 4, 5, 6], 5",4
1235,318,"[8, 9, 11, 12, 14, 15], 6",5
1236,319,"[3, 100, 4, 5, 150, 6], 6",45000
1237,319,"[4, 42, 55, 68, 80], 5",50265600
1238,319,"[10, 22, 9, 33, 21, 50, 41, 60], 8",21780000
1239,320,"[1, 5, 2, 3, 7, 6, 4, 5], 3",10
1240,320,"[2, 4, 7, 5, 4, 3, 5], 2",7
1241,320,"[10, 6, 8, 4, 2], 2",2
1242,321,"[3, 34, 4, 12, 5, 2], 6, 9",True
1243,321,"[3, 34, 4, 12, 5, 2], 6, 30",False
1244,321,"[3, 34, 4, 12, 5, 2], 6, 15",True
1245,322,10,5
1246,322,15,5
1247,322,5,4
1248,323,"[1,2,3,4], 10",11
1249,323,"[4,8,7,2], 50",9
1250,323,"[5,6,7,8], 15",4
1251,324,"[3, 1, 7, 5], 4, 6",True
1252,324,"[1, 7], 2, 5",False
1253,324,"[1, 6], 2, 5",False
1254,325,"[15, 79, 25, 68, 37]","[15, 25, 37, 68, 79]"
1255,325,"[9, 11, 8, 7, 3, 2]","[2, 3, 7, 8, 9, 11]"
1256,325,"[36, 12, 24, 26, 29]","[12, 24, 26, 29, 36]"
1257,326,"[0 , 8 , 4, 12, 2, 10 , 6 , 14 , 1 , 9 , 5 , 13, 3, 11 , 7 , 15]",7
1258,326,"[1, 11, 2, 10, 4, 5, 2, 1]",6
1259,326,"[80, 60, 30, 40, 20, 10]",5
1260,327,"[1, 101, 2, 3, 100, 4, 5], 7",106
1261,327,"[3, 4, 5, 10], 4",22
1262,327,"[10, 5, 4, 3], 4",10
1263,328,"[9, 6, 5, 1] ,4,11",2
1264,328,"[4,5,6,7,8,9],6,9",1
1265,328,"[1, 2, 3],3,4",2
1266,329,10,3
1267,329,15,6
1268,329,20,5
1269,330,"[10, 22, 9, 33, 21, 50, 41, 60]",5
1270,330,"[3, 10, 2, 1, 20]",3
1271,330,"[50, 3, 10, 7, 40, 80]",4
1272,331,"[2,3,5,6,9],0,4",9
1273,331,"[3,4,5,2,1],0,4",5
1274,331,"[1,2,3],0,2",3
1275,332,10,16796
1276,332,9,4862
1277,332,7,429
1278,333,"[2, 3, 6, 7, 9], [1, 4, 8, 10], 5, 4, 5",6
1279,333,"[100, 112, 256, 349, 770], [72, 86, 113, 119, 265, 445, 892], 5, 7, 7",256
1280,333,"[3, 4, 7, 8, 10], [2, 5, 9, 11], 5, 4, 6",8
1281,334,"[Pair(5, 24), Pair(15, 25),Pair(27, 40), Pair(50, 60)], 4",3
1282,334,"[Pair(1, 2), Pair(3, 4),Pair(5, 6), Pair(7, 8)], 4",4
1283,334,"[Pair(19, 10), Pair(11, 12),Pair(13, 14), Pair(15, 16), Pair(31, 54)], 5",5
1284,335,10,"[1, 2, 3, 5, 7]"
1285,335,25,"[1, 2, 3, 5, 7, 11, 13, 17, 23, 25]"
1286,335,45,"[1, 2, 3, 5, 7, 11, 13, 17, 23, 25, 29, 37, 41, 43]"
1287,336,2,2
1288,336,3,5
1289,336,4,15
1290,337,"[ 1, 3, 6, 13, 17, 18 ], 6",4
1291,337,"[10, 5, 3, 15, 20], 5",3
1292,337,"[18, 1, 3, 6, 13, 17], 6",4
1293,338,"[1, 12, 15, 26, 38], [2, 13, 17, 30, 45], 5",16.0
1294,338,"[2, 4, 8, 9], [7, 13, 19, 28], 4",8.5
1295,338,"[3, 6, 14, 23, 36, 42], [2, 18, 27, 39, 49, 55], 6",25.0
1296,339,5,1
1297,339,10,3
1298,339,7,5
1299,340,"[1, 3, 6, 1, 0, 9], 6",3
1300,340,"[1, 3, 5, 8, 9, 2, 6, 7, 6, 8, 9], 11",3
1301,340,"[1, 1, 1, 1, 1, 1, 1, 1, 1, 1, 1], 11",10
1302,341,16,33
1303,341,2,2
1304,341,14,28
1305,342,9,15
1306,342,10,12
1307,342,11,13
1308,343,"'AGGT12', '12TXAYB', '12XBA', 6, 7, 5",2
1309,343,"'Reels', 'Reelsfor', 'ReelsforReels', 5, 8, 13",5
1310,343,"'abcd1e2', 'bc12ea', 'bd1ea', 7, 6, 5",3
1311,344,3,"[[1, 2, 3], [8, 9, 4], [7, 6, 5]]"
1312,344,2,"[[1,2],[4,3]]"
1313,344,7,"[[1, 2, 3, 4, 5, 6, 7], [24, 25, 26, 27, 28, 29, 8], [23, 40, 41, 42, 43, 30, 9], [22, 39, 48, 49, 44, 31, 10], [21, 38, 47, 46, 45, 32, 11], [20, 37, 36, 35, 34, 33, 12], [19, 18, 17, 16, 15, 14, 13]]"
1314,345,"[1, 20, 6, 4, 5], 5",5
1315,345,"[8, 4, 2, 1], 4",6
1316,345,"[3, 1, 2], 3",2
1317,346,"12,[2,7,13,19]",32
1318,346,"10,[2,7,13,19]",26
1319,346,"100,[2,7,13,19]",5408
1320,347,"[1, 2, 2, 3], 4",3
1321,347,"[1, 9, 3, 10, 4, 20, 2], 7",4
1322,347,"[36, 41, 56, 35, 44, 33, 34, 92, 43, 32, 42], 11",5
1323,348,"[[1, 3], [5, 7], [9, 11], [13, 15, 17]] ,[[1, 3],[13,15,17]]",True
1324,348,"[[1, 2], [2, 3], [3, 4], [5, 6]],[[3, 4], [5, 6]]",True
1325,348,"[[[1, 2], [2, 3]], [[3, 4], [5, 7]]],[[[3, 4], [5, 6]]]",False
1326,349,13,360360
1327,349,2,2
1328,349,1,1
1329,350,2,1
1330,350,5,4
1331,350,14,17
1332,351,10,"[1, 3, 7, 9, 13, 15, 21, 25, 31, 33]"
1333,351,5,"[1, 3, 7, 9, 13]"
1334,351,8,"[1, 3, 7, 9, 13, 15, 21, 25]"
1335,352,"[1, 2, 3],3,4",4
1336,352,"[4,5,6,7,8,9],6,9",2
1337,352,"[4,5,6,7,8,9],6,4",1
1338,353,"""AGGTAB"", ""GXTXAYB"", 6, 7",9
1339,353,"""feek"", ""eke"", 4, 3",5
1340,353,"""PARRT"", ""RTA"", 5, 3",6
1341,354,"7, 2",924
1342,354,"3, 0",2
1343,354,"3, 1",3
1344,355,"3, 4",129
1345,355,"3, 3",63
1346,355,"4, 5",681
1347,356,"[1, 4, 10],[2, 15, 20],[10, 12],3,3,2","(10, 15, 10)"
1348,356,"[20, 24, 100],[2, 19, 22, 79, 800],[10, 12, 23, 24, 119],3,5,5","(24, 22, 23)"
1349,356,"[2, 5, 11],[3, 16, 21],[11, 13],3,3,2","(11, 16, 11)"
1350,357,"[12, 2, 4, 5, 2, 3]","[2, 2, 3, 4, 5, 12]"
1351,357,"[32, 14, 5, 6, 7, 19]","[5, 6, 7, 14, 19, 32]"
1352,357,"[21, 15, 29, 78, 65]","[15, 21, 29, 65, 78]"
1353,358,"[[ 2 ], [3, 9 ], [1, 6, 7 ]]",6
1354,358,"[[ 2 ], [3, 7 ], [8, 5, 6 ]]",10
1355,358,"[[ 3 ], [6, 4 ], [5, 2, 7 ]]",9
